[報牌] 享受輸的感覺539,10,Thu Apr 18 17:35:18 2024
[討論] 2024.04.18 開獎結果,4,Fri Apr 19 08:11:52 2024
[報牌] 享受輸的感覺539,4,Fri Apr 19 12:38:29 2024
[報牌] 虎斑法鬥 39 二合,0,Fri Apr 19 13:45:47 2024
[報牌] 39樂合,0,Fri Apr 19 17:13:25 2024
[討論] 2024.04.19 開獎結果,3,Sat Apr 20 09:44:25 2024
[報牌] 高雄539,0,Sat Apr 20 15:17:50 2024
[報牌] 虎斑法鬥 39 二合,0,Sat Apr 20 17:23:38 2024
[報牌] 享受輸的感覺539,2,Sat Apr 20 18:06:27 2024
[真相] 可惜了,9,Sat Apr 20 21:37:28 2024
[公告] 樂透版版規 2016.08.21,4,Sun Aug 21 23:14:10 2016
Re: [閒聊] 刮刮樂機率分析彙整,1,Wed Feb 21 23:20:51 2024
[討論] 2024.04.13 開獎結果,1,Sun Apr 14 23:13:46 2024
[報牌] 虎斑法鬥 39 二合,0,Mon Apr 15 06:30:32 2024
[報牌] 享受輸的感覺539,8,Mon Apr 15 16:57:49 2024
[真相] 3組539,5,Mon Apr 15 20:43:04 2024
[討論] 2024.04.15 開獎結果 威力彩 2.7億,4,Mon Apr 15 22:31:52 2024
[報牌] 虎斑法鬥 39 二合,0,Tue Apr 16 06:31:44 2024
[報牌] 救救我啊我救我539,0,Tue Apr 16 16:14:36 2024
[真相] 兩組威力彩,3,Tue Apr 16 17:03:30 2024
[報牌] 享受輸的感覺539,8,Tue Apr 16 17:25:19 2024
[報牌] 三九二合,0,Tue Apr 16 19:30:47 2024
[閒聊] 就連神都救不了我,1,Tue Apr 16 20:14:01 2024
[討論] 2024.04.16 開獎結果 大樂透 1.0億,1,Tue Apr 16 22:42:38 2024
[報牌] 虎斑法鬥 39 二合,0,Wed Apr 17 06:22:47 2024
[報牌] 39二合,0,Wed Apr 17 17:37:41 2024
[報牌] 享受輸的感覺539,17,Wed Apr 17 19:01:33 2024
[真相] 4星彩,1,Wed Apr 17 20:51:52 2024
[討論] 2024.04.17 開獎結果,4,Wed Apr 17 22:45:46 2024
[報牌] 虎斑法鬥 39 二合,0,Thu Apr 18 06:29:04 2024
[報牌] 39樂合彩,0,Thu Apr 18 16:07:09 2024
[報牌] 高雄539,0,Thu Apr 18 16:13:57 2024
[討論] 2024.04.09 開獎結果 大樂透 1.8億,5,Tue Apr  9 22:32:50 2024
Re: [真相] 今彩539,3,Wed Apr 10 00:15:40 2024
[報牌] 虎斑法鬥 39 二合,0,Wed Apr 10 06:25:51 2024
[報牌] 39樂合,0,Wed Apr 10 17:19:03 2024
[問題] 享受輸的感覺539,13,Wed Apr 10 17:59:03 2024
[報牌] 虎斑法鬥 39 二合,2,Thu Apr 11 03:10:23 2024
[報牌] 539,0,Thu Apr 11 16:49:41 2024
[報牌] 享受輸的感覺539,7,Thu Apr 11 17:56:46 2024
[討論] 2024.04.10 開獎結果,1,Thu Apr 11 18:20:32 2024
[真相] 39二合,4,Thu Apr 11 21:38:56 2024
[報牌] 虎斑法鬥 39 二合,2,Fri Apr 12 04:36:55 2024
[討論] 2024.04.11 開獎結果,1,Fri Apr 12 10:52:53 2024
[報牌] 高雄539,1,Fri Apr 12 16:14:48 2024
[報牌] 神曲樂合及三四星,0,Fri Apr 12 17:20:31 2024
[報牌] 享受輸的感覺539,6,Fri Apr 12 17:59:00 2024
[真相] 兩天的39二合,7,Sat Apr 13 09:42:30 2024
[報牌] 虎斑法鬥 39 二合,0,Sat Apr 13 16:06:53 2024
[報牌] 享受輸的感覺539,7,Sat Apr 13 17:55:11 2024
[討論] 2024.04.12 開獎結果,7,Sat Apr 13 19:05:00 2024
[報牌] 占卜539,0,Sat Apr 13 19:55:56 2024
